,Sat_mean,Sat_SD,Field_mean,Field_SD,Sat_SD/mean (%),Field_SD/mean (%),Sat/Field
Band1,0.17663809523809523,0.014345265560139682,0.17796241976268698,0.012619829871531374,8.121275051569885,7.091289210587227,0.9925584034744092
Band2,0.21328095238095238,0.017996510747724695,0.2220943569537464,0.015484221677952981,8.437936227694715,6.9719113490027755,0.9603168459852875
Band3,0.4260666666666667,0.028034202466567654,0.4345909282540081,0.02738420933696575,6.579769003262631,6.301146102377988,0.9803855510247578
Band4,0.5548738095238095,0.03636010411428733,0.5448474233737065,0.03414796557454788,6.552860035958703,6.267436370186532,1.0184021906316807
Band5,0.6482071428571429,0.046740761210140785,0.6153891733018177,0.03793606591430889,7.210775401844328,6.164565052512411,1.053328805541448
Band6,0.7308666666666667,0.04723356185044025,0.7069058309133939,0.042726443166159735,6.4626783522448585,6.044149205977385,1.0338953714985106
Band7,0.5895023809523809,0.03300227617038413,0.5757102290362537,0.03843554497427581,5.598327884115874,6.676196293857311,1.023956760225045
