,Sat_mean,Sat_SD,Field_mean,Field_SD,Sat_SD/mean (%),Field_SD/mean (%),Sat/Field
Band1,0.1807484375,0.016862634285858,0.18813644680975364,0.013785473738931303,9.329338897249388,7.327380724305576,0.9607305791353415
Band2,0.2184359375,0.021308253735256997,0.23567573594943994,0.016966366916894703,9.754921273088133,7.199029992860417,0.9268494977644265
Band3,0.4313453125,0.0325233134155692,0.4639956064625058,0.029971610849278966,7.539971450499813,6.4594600534651585,0.9296323208501239
Band4,0.561146875,0.04173659204144937,0.5825656172472304,0.03677570074302695,7.437730458972862,6.312713907971674,0.9632337686723783
Band5,0.657290625,0.0543733037630543,0.6614020323615961,0.04092420839596811,8.272338246579174,6.187493595966813,0.9937837999273816
Band6,0.7386984375,0.05517749623994001,0.7559521304912914,0.04513820509519686,7.4695563763041015,5.971040132641951,0.9771762095834319
Band7,0.592590625,0.03782110323099228,0.6197208698123938,0.039951485424242913,6.382332361567866,6.446690335979374,0.9562218312566965
