,Sat_mean,Sat_SD,Field_mean,Field_SD,Sat_SD/mean (%),Field_SD/mean (%),Sat/Field
Band1,0.011180357142857143,0.0016502618453334203,0.017755412495757628,0.004623383892698673,14.760367886706842,26.039293053897545,0.6296872655326093
Band2,0.008807142857142857,0.001793227053472628,0.02083660864366521,0.005484044239758579,20.36105332410121,26.319274568828884,0.42267640611565754
Band3,0.026442857142857143,0.0024385195408321847,0.04163699208047087,0.010664023986678033,9.221845913465852,25.611898107499975,0.6350808697168046
Band4,0.02975892857142857,0.003603063021618565,0.04076785579766479,0.01111737351737892,12.107502502888668,27.269949080853383,0.7299606022726657
Band5,0.20632678571428573,0.016429986643236773,0.2374800760908168,0.06200865648587817,7.963089516641071,26.111098457861747,0.8688172461060797
Band6,0.1150267857142857,0.008918429775939672,0.14443057719680374,0.034690826908852695,7.753350422302596,24.019032245216568,0.7964157448290753
Band7,0.05637857142857143,0.006759562387719296,0.0691267476077018,0.01989530364915473,11.989595011791478,28.78090513105246,0.8155825838722084
