,Sat_mean,Sat_SD,Field_mean,Field_SD,Sat_SD/mean (%),Field_SD/mean (%),Sat/Field
Band1,0.07747551020408164,0.0009594919174708013,0.06200477022751336,0.005582533203547404,1.238445432554573,9.003393098730117,1.2495088671371843
Band2,0.08449591836734693,0.000992823058751745,0.07686942533142903,0.006517512034181359,1.174995287269896,8.478679274731864,1.0992136080507384
Band3,0.1335734693877551,0.0011654508648804743,0.12389934457710751,0.007270586381100369,0.8725167282263562,5.868139501396307,1.07808051643588
Band4,0.19858979591836734,0.0013431982694314896,0.1831768969541018,0.014426190006172694,0.6763682208443513,7.875551036213606,1.08414215559142
Band5,0.28332653061224494,0.0015041134768040963,0.2674463243109283,0.016900381690997106,0.5308763261787849,6.319167681418207,1.0593771716333429
Band6,0.3946183673469388,0.0018952866854801329,0.40042222716616976,0.023409689543982464,0.4802834440328631,5.846251270728725,0.9855056502225026
Band7,0.34369795918367346,0.002574957086697568,0.3516146885470786,0.040654613743149326,0.7491918464728216,11.562262632184087,0.9774846454904424
