,Sat_mean,Sat_SD,Field_mean,Field_SD,Sat_SD/mean (%),Field_SD/mean (%),Sat/Field
Band1,0.04250408163265306,0.001027173491232719,0.04730190713015075,0.008244057503749702,2.416646711979797,17.428594329328533,0.8985701467744944
Band2,0.04518979591836735,0.0009664251183465254,0.05716395259438115,0.009452353834378438,2.1385914645251205,16.53551478752633,0.79052958844573
Band3,0.08146734693877551,0.0010053708332185428,0.09429214668166104,0.011067809069033461,1.2340782792081113,11.737784596631787,0.8639886756827879
Band4,0.12654897959183672,0.0012532606369280504,0.1381163159878947,0.013707180427141627,0.9903364222850631,9.92437448761883,0.9162493126657694
Band5,0.1835265306122449,0.0013447973081781874,0.1878527592759168,0.01634066430764174,0.7327536262424517,8.698655463261355,0.9769701085022787
Band6,0.2752673469387755,0.004266594864382643,0.2993362238308345,0.0297278104682531,1.5499821943398218,9.931243899519938,0.919592501755948
Band7,0.2459816326530612,0.001842322565807844,0.2778070214496282,0.027553532970779136,0.7489675330378439,9.918227706053544,0.8854406608209592
