,Sat_mean,Sat_SD,Field_mean,Field_SD,Sat_SD/mean (%),Field_SD/mean (%),Sat/Field
Band1,0.08181224489795919,0.000979511051090626,0.06403524430379398,0.007811756334261655,1.19726705007585,12.199151294248784,1.2776127550919947
Band2,0.0889265306122449,0.0011125949645694696,0.07927389134657284,0.009187665283693936,1.2511395158558776,11.589774549513313,1.1217631568440642
Band3,0.13633061224489795,0.0014519802216048589,0.12368214808063092,0.013416188118185011,1.0650434247273748,10.847311698886992,1.1022658836424901
Band4,0.19976326530612246,0.001729184528526176,0.1777153006666613,0.022097424983774566,0.865616871989116,12.43417134083602,1.1240634011632813
Band5,0.2909285714285714,0.0021032530683176846,0.2604621634144076,0.028310623932066837,0.7229448307500022,10.869380627474595,1.1169705711370075
Band6,0.39367142857142856,0.0013055611038623842,0.37841248893135565,0.032147962942519065,0.33163725104462355,8.495481487227218,1.0403235624785123
Band7,0.3187755102040816,0.0014317864696922638,0.3150394430797554,0.04821815064722623,0.4491519655244618,15.305432924797076,1.0118590456096648
