,Sat_mean,Sat_SD,Field_mean,Field_SD,Sat_SD/mean (%),Field_SD/mean (%),Sat/Field
Band1,0.05004464285714286,0.002255463180405139,0.05303381760454449,0.0053819948783921144,4.506902340863078,10.148232055485535,0.9436364402485428
Band2,0.05606785714285714,0.002554345537011189,0.06758498113417764,0.006989438475700888,4.55581088198696,10.341703672040143,0.8295904830030898
Band3,0.12433035714285713,0.0051299164446988645,0.1376449073459237,0.01486005017171243,4.1260369250001645,10.795931689914793,0.9032688498267142
Band4,0.22930535714285716,0.009402306321225833,0.2419336967862401,0.026879803061766412,4.100343070209301,11.1104006671365,0.9478024772442482
Band5,0.2953875,0.011512525205494355,0.3029413860982567,0.029183691070027214,3.897431409756457,9.633444755072755,0.9750648592602443
Band6,0.41666785714285715,0.01813179042399266,0.43147948825732463,0.0344361317992843,4.351617268566042,7.98094295011942,0.9656724560087683
Band7,0.33605714285714283,0.015493902684868112,0.3633187354383187,0.03292638484220728,4.610496462934739,9.062671871981468,0.924965079083283
