,Sat_mean,Sat_SD,Field_mean,Field_SD,Sat_SD/mean (%),Field_SD/mean (%),Sat/Field
Band1,0.07895102040816326,0.001322200152957738,0.07298507422110599,0.008624365184829418,1.6747093908630812,11.816614940613986,1.081742003426394
Band2,0.0874204081632653,0.0015181862959864699,0.09086008960119484,0.01148967435325375,1.736649745619036,12.645457872300685,0.9621430987683693
Band3,0.13658163265306122,0.0028734302525164302,0.14105586731539219,0.01744714207742776,2.103818937217857,12.368958774622989,0.9682804072777288
Band4,0.1822857142857143,0.004117756472564514,0.18453459228563066,0.023137309682700637,2.2589573125353914,12.538196441178739,0.9878132442700204
Band5,0.2448408163265306,0.006356225242517055,0.2504929882062996,0.03100064146805829,2.59606438905191,12.375851990925572,0.9774358080030806
Band6,0.31857551020408165,0.005145298254469501,0.32820899426068917,0.03624045792781826,1.615095350918025,11.04188445824043,0.9706483240098049
Band7,0.2555183673469388,0.003820710131097693,0.27295056239288495,0.031608126788714025,1.4952780775677053,11.580165474514502,0.936134240233386
