,Sat_mean,Sat_SD,Field_mean,Field_SD,Sat_SD/mean (%),Field_SD/mean (%),Sat/Field
Band1,0.07922244897959183,0.0012226210229520286,0.07505018336878766,0.008499083762627403,1.5432759763169945,11.324534306417238,1.055593010216939
Band2,0.08735918367346938,0.0017664582768395854,0.09386376657071366,0.011149316422408944,2.0220636257800235,11.878189880660116,0.9307018764014339
Band3,0.13628367346938774,0.0029928722767278808,0.14655897870109863,0.01704344407295825,2.1960607610126863,11.629068532005599,0.929889623121167
Band4,0.1826938775510204,0.0041280231056180445,0.19272086272622194,0.0221993358351757,2.259530073450449,11.518906423074672,0.947971459688587
Band5,0.25306326530612244,0.006847364870101967,0.2645140997796885,0.029717530235864348,2.705791716478064,11.234762252982287,0.9567099278144214
Band6,0.32209591836734697,0.00578622428735183,0.341697943213284,0.03567176461899564,1.7964289385228107,10.439560824845156,0.9426334713589374
Band7,0.2585,0.004070400872801857,0.28216360974538185,0.031967123436364035,1.5746231616254767,11.329286389981492,0.916135146673466
