,Sat_mean,Sat_SD,Field_mean,Field_SD,Sat_SD/mean (%),Field_SD/mean (%),Sat/Field
Band1,0.03130892857142857,0.0008069512256711956,0.029785099264844073,0.004120791151059725,2.577383712860717,13.835076104391481,1.0511607932891163
Band2,0.02841428571428572,0.0009622200096333351,0.03462365849944977,0.005143621300356853,3.3863952073571366,14.855799540763709,0.8206609857458382
Band3,0.0475125,0.0018483643831390885,0.05399531396402899,0.008489514175001099,3.890269683007816,15.722686936604735,0.8799374707155557
Band4,0.06454642857142856,0.0026758819831515556,0.06980810467820034,0.011699634761771778,4.145670089539289,16.75970836868364,0.9246265726447248
Band5,0.1942875,0.014285607923711191,,,7.352818850266328,,
Band6,0.18880714285714287,0.012102122853079142,,,6.409780196841372,,
Band7,0.12267142857142858,0.00606325920977307,,,4.94268248147333,,
