,Sat_mean,Sat_SD,Field_mean,Field_SD,Sat_SD/mean (%),Field_SD/mean (%),Sat/Field
Band1,0.10975510204081634,0.004514695335144943,0.10494619623031576,0.006550091836738705,4.113426393122019,6.24138089041724,1.045822583221091
Band2,0.11255102040816328,0.004991426218372967,0.11580811646860668,0.00732541010877766,4.434812052588855,6.325472110379617,0.9718750623033721
Band3,0.12940204081632653,0.005816847094499133,0.13197035850961975,0.008541852808004225,4.4951741547535375,6.472554067799689,0.9805386776068657
Band4,0.1446408163265306,0.00662210023923747,0.14646029506499653,0.00960485391364704,4.578306737627846,6.557991645028827,0.9875769829791858
Band5,0.20451020408163265,0.00792047836367041,0.20531978060087372,0.012913242299016912,3.872901305457041,6.289331822402094,0.9960569969592222
Band6,0.2926326530612245,0.010179178182518971,0.30592206045434267,0.016779226541745792,3.478483373620403,5.484804370376554,0.9565594995882896
Band7,0.24360204081632655,0.009713854818088721,0.26759862721517375,0.01681945626189094,3.9875917235902256,6.285329800427773,0.9103261976768223
