,Sat_mean,Sat_SD,Field_mean,Field_SD,Sat_SD/mean (%),Field_SD/mean (%),Sat/Field
Band1,0.0797671875,0.0047586452473202655,0.07491752625184542,0.005913287526462159,5.965667583955201,7.893062975122592,1.0647333339845177
Band2,0.081290625,0.005370396829785952,0.08227071747753767,0.006627411072305564,6.606415967137602,8.055613559119674,0.9880869827371415
Band3,0.0951015625,0.006693618513822979,0.09376167373275555,0.007692519495548955,7.038389630899049,8.20433252660845,1.0142903674166852
Band4,0.1076421875,0.007617820486519996,0.10320939956797161,0.00867251084681211,7.07698409280283,8.402830442880903,1.0429494595510078
Band5,0.142765625,0.009591634029683107,0.13788327206896647,0.012672562515768081,6.718447826416973,9.190790387850324,1.0354093202008687
Band6,0.2143921875,0.011396631968035283,0.21388584538640446,0.015084534062191292,5.315786970099031,7.052609785813407,1.002367347463694
Band7,0.1824546875,0.011768747406896951,0.1791771545951294,0.015306550273875745,6.450230228750331,8.542690784694393,1.0182921361390995
