,Sat_mean,Sat_SD,Field_mean,Field_SD,Sat_SD/mean (%),Field_SD/mean (%),Sat/Field
Band1,0.17948392857142859,0.03766782340779213,0.11418768973986446,0.015292738193274832,20.986738872723972,13.392632978313014,1.5718325590115545
Band2,0.16965535714285712,0.036257107281798935,0.12830696706138822,0.017243859604873426,21.371035900309877,13.43953489027851,1.3222614564779311
Band3,0.19553571428571428,0.03566321848994037,0.15138237225673215,0.019835669992897348,18.238723611293707,13.103024940881273,1.291667658332779
Band4,0.20591785714285715,0.03583994732110514,0.17084987934034906,0.022364142250353592,17.404972943284317,13.089937398083912,1.205256087612736
Band5,0.2624214285714286,0.03787037437235129,0.22266136687237198,0.022766701563318885,14.431128806252701,10.224809935873882,1.1785674015099656
Band6,0.29733928571428575,0.03179725773537391,0.34250547259202124,0.032047527889306766,10.69393089412611,9.356792943124882,0.868130028592169
Band7,0.249,0.029850047858300952,0.3014867906201643,0.03321247185240354,11.9879710274301,11.016227869912584,0.8259068315656618
