,Sat_mean,Sat_SD,Field_mean,Field_SD,Sat_SD/mean (%),Field_SD/mean (%),Sat/Field
Band1,0.08526964285714285,0.005531013845414171,0.08572961522636025,0.010606438131617407,6.486498195706762,12.37196516467757,0.9946346152609821
Band2,0.07169285714285714,0.005847827958886504,0.09559504742424178,0.011945842286447976,8.156779059919403,12.49629830030154,0.7499641359524727
Band3,0.06845,0.006531298273915925,0.11047847505147755,0.01383356696415031,9.54170675517301,12.521504263798487,0.6195777047801
Band4,0.06801607142857144,0.006909744071798542,0.12347556273052714,0.015413061207112942,10.158987319717458,12.482681484716437,0.5508464179022177
Band5,0.07927857142857143,0.007872391048234745,0.16285192161362888,0.01776882021209446,9.930036460517744,10.911028888103344,0.48681385299623453
Band6,0.09909107142857143,0.009785234444700603,0.2328382785959376,0.026061781633289025,9.874991059869776,11.193082937413424,0.425578955600045
Band7,0.07866071428571429,0.008613728215790779,0.19390568304475586,0.026560537542521086,10.950483089314043,13.697658121959522,0.4056648214253649
