,Sat_mean,Sat_SD,Field_mean,Field_SD,Sat_SD/mean (%),Field_SD/mean (%),Sat/Field
Band1,0.2211,0.01576062000230774,0.09544169995884835,0.011401165936169435,7.128276798872791,11.94568615299736,2.3165974631144644
Band2,0.217425,0.01666031694519302,0.10665471492995035,0.012879136460122929,7.662558098283554,12.075543466204756,2.038587793730473
Band3,0.2316,0.01798122036220806,0.1251205603973902,0.01531842818054506,7.763912073492254,12.24293444010548,1.8510147274310864
Band4,0.2522785714285714,0.01951297841260048,0.1397289552163791,0.017050013257454383,7.7346951435886275,12.202204783576434,1.8054852771059666
Band5,0.28030357142857143,0.019107468288283382,0.17794633983707958,0.020233680268321383,6.8167052566979,11.37066392421812,1.575214031854805
Band6,0.3421767857142857,0.02108565855768381,0.2728915545899957,0.02773214294867635,6.162211885200807,10.162330963426971,1.2538929107879033
Band7,0.3202892857142857,0.02248395998556867,0.2420144195925857,0.027620948529379293,7.019891388319964,11.412935053984478,1.3234305883652315
