,Sat_mean,Sat_SD,Field_mean,Field_SD,Sat_SD/mean (%),Field_SD/mean (%),Sat/Field
Band1,0.2249612244897959,0.013350637320666445,0.09609144457175427,0.01030086446669513,5.934639336599104,10.71985597948127,2.3411160638948543
Band2,0.22148979591836732,0.014028313132593877,0.10681557983673169,0.01154960621320914,6.333615990943518,10.812660691317491,2.0735720037930414
Band3,0.23566530612244896,0.015157493614096993,0.12454951180479577,0.013634306420220605,6.43178831177693,10.946896718141627,1.8921415484293747
Band4,0.25660204081632654,0.016503314321377107,0.13837643340137,0.015096076771774838,6.431482099236316,10.9094275670393,1.8543767497752692
Band5,0.2840591836734694,0.01616952182559227,0.17190053637280592,0.017592159709461472,5.6923073623204505,10.233917869406074,1.6524624626965772
Band6,0.34536326530612244,0.018770087948186975,0.2635238600530817,0.023469812676957125,5.434882581258195,8.906143326919086,1.3105578570249987
Band7,0.32407551020408165,0.020698205883131707,0.2357808117171217,0.023616240811282826,6.386846654996338,10.016184370260138,1.3744778798746846
