,Sat_mean,Sat_SD,Field_mean,Field_SD,Sat_SD/mean (%),Field_SD/mean (%),Sat/Field
Band1,0.12254285714285713,0.034921825232238655,0.05055667736448557,0.004850588184113508,28.497642413810983,9.594357139302215,2.4238708619910123
Band2,0.10785238095238096,0.03546776026394378,0.055546733084888576,0.005454062790350649,32.88546803579934,9.81887230346301,1.9416512000364983
Band3,0.10488571428571429,0.039914382008950894,0.0637674531210455,0.006471693232029867,38.05511768764046,10.148897149373497,1.644815797905818
Band4,0.10484761904761904,0.0430188122641337,0.07085837955510199,0.007332937013219887,41.029841836079925,10.348722422473033,1.4796784756570083
Band5,0.12837857142857143,0.05298797049337521,0.0970821723197743,0.010211073556888378,41.27477810645151,10.517969790843384,1.3223701979567517
Band6,0.15153095238095238,0.05612858319496336,0.16118337833052201,0.013852461873948799,37.041002061318,8.59422479999333,0.9401152522701416
Band7,0.11972619047619049,0.0566084170904604,0.1288301211554874,0.013272950585805608,47.28156543301853,10.302676475625017,0.9293338343731804
