,Sat_mean,Sat_SD,Field_mean,Field_SD,Sat_SD/mean (%),Field_SD/mean (%),Sat/Field
Band1,0.3232375,0.033672050525727464,0.3455243467161071,0.020712167758602712,10.41712379464866,5.994416299590152,0.9354984766546173
Band2,0.32603035714285716,0.03451634664310137,0.3618905471875067,0.021171794150256964,10.586850545324308,5.850330801618646,0.9009087407136135
Band3,0.4183392857142857,0.03871466443541696,0.44618169056205986,0.02447207035182527,9.25436978009711,5.484776912516858,0.9375985042938432
Band4,0.5151196428571428,0.037869264863488176,0.53107732384135,0.026333915025986674,7.351547429533839,4.958583965798071,0.9699522456188052
Band5,0.5188589285714286,0.0384438680638302,0.5236354728566446,0.024378763910563633,7.409310305149318,4.6556746389941,0.9908781117154687
Band6,0.14045714285714286,0.02504354676745843,0.1335630463264737,0.02678698558053659,17.83002719408147,20.05568629743593,1.0516167961145304
Band7,0.0648375,0.012261446001011232,0.06394326292049712,0.013304727905516163,18.911040680179262,20.80708318256826,1.0139848521745711
