,Sat_mean,Sat_SD,Field_mean,Field_SD,Sat_SD/mean (%),Field_SD/mean (%),Sat/Field
Band1,0.058628125,0.0057886329547117595,0.04295952828948321,0.00478030001022707,9.873474471018406,11.127449952464493,1.364729254123411
Band2,0.0532796875,0.007207010035537882,0.05038184692280308,0.006286535882781706,13.526749824758042,12.477779729699403,1.0575175535275056
Band3,0.06809375,0.01091981963850594,0.07560717791470978,0.007578461982762635,16.036449216713635,10.02346892422261,0.9006254680847173
Band4,0.0672765625,0.013594377769268948,0.07879694049032067,0.01466926271484193,20.206706859121926,18.61653843862616,0.8537966332368473
Band5,0.2383796875,0.046972595666540974,0.31447948649276874,0.042595008624135816,19.70494892377983,13.54460639044425,0.7580134722252587
Band6,0.1983546875,0.045403733772976684,0.30003365796754106,0.0318687793307853,22.890174336301826,10.621734756916172,0.6611081198145404
Band7,0.1179484375,0.030404851546399526,0.19466199174106533,0.040626654134708645,25.77808760408507,20.87035777829153,0.6059140587490349
