,Sat_mean,Sat_SD,Field_mean,Field_SD,Sat_SD/mean (%),Field_SD/mean (%),Sat/Field
Band1,0.052496875,0.0015217145705995589,0.046027565103961894,0.005072740679789215,2.89867648426608,11.021092834981555,1.1405529465099002
Band2,0.054484375,0.0018868971512446034,0.053976454076386515,0.006658645142325574,3.463189494684675,12.336203361751734,1.0094100461452078
Band3,0.083453125,0.0021089073555694664,0.07991394908316284,0.007917499201705012,2.527056183419694,9.90753090360436,1.0442873360338394
Band4,0.0951046875,0.005284187191739497,0.08380920894792834,0.015451764289991815,5.556179543452573,18.436833474460045,1.1347761026964194
Band5,0.270865625,0.019486968552326834,0.316810439901692,0.04340076540260094,7.194330602979552,13.699285104388743,0.8549769543076013
Band6,0.3178859375,0.012235959647534546,0.31355264931490506,0.03272558555563882,3.8491666991511844,10.437030472280297,1.0138199699302906
Band7,0.2164703125,0.01696399385175389,0.20588503236968256,0.04246890154294229,7.836637576690285,20.62748372435646,1.051413548661035
