,Sat_mean,Sat_SD,Field_mean,Field_SD,Sat_SD/mean (%),Field_SD/mean (%),Sat/Field
Band1,0.11822448979591836,0.01321793047205884,0.02702610015592782,0.005920195282987647,11.180365840339775,21.905473778425,4.37445614105694
Band2,0.10395102040816327,0.012733294337014787,0.030928130803719787,0.007127268272536177,12.249321158193116,23.044613713541867,3.361050852632222
Band3,0.12193877551020407,0.01023622651148861,0.06845383075715014,0.009284851188457519,8.394562327413253,13.563669243576552,1.7813287315183208
Band4,0.10281224489795918,0.011633495494021253,0.04429016130436855,0.014795984978335789,11.315282051829001,33.40693405168608,2.321333719952343
Band5,0.3848795918367347,0.02382199275058476,0.4235746362187109,0.08542158917817287,6.189466330729744,20.166832920105684,0.908646455492684
Band6,0.20025510204081634,0.009014751204292992,0.2309407149385751,0.04123148555903209,4.501633722398538,17.853710018174453,0.8671277478901006
Band7,0.13628775510204083,0.009391586174805644,0.11716259575219592,0.03833316246305673,6.890997777294088,32.71791839106489,1.1632360500982366
