,Sat_mean,Sat_SD,Field_mean,Field_SD,Sat_SD/mean (%),Field_SD/mean (%),Sat/Field
Band1,0.1135875,0.009667084478860654,0.025062513182596224,0.005336230622745041,8.510693939791485,21.29168205864765,4.532167192190319
Band2,0.0996517857142857,0.009121990522738927,0.02870235768749183,0.00645292523496132,9.153865590419853,22.482213152034667,3.4719024408825083
Band3,0.11831785714285713,0.007918764043687111,0.06730658244123883,0.006895036818697472,6.692788590758524,10.244223623621208,1.7578942928227423
Band4,0.09897142857142857,0.008515295361996602,0.04105967031930605,0.013525297010432128,8.603791503172086,32.9405884295973,2.410429207096987
Band5,0.3859285714285714,0.024059759783013765,0.4564776799149674,0.07835526749040447,6.234252025952115,17.165191407606276,0.8454489417762159
Band6,0.1989517857142857,0.008589569901743555,0.2324835149521826,0.024655484388070928,4.317412819847227,10.605261363646402,0.8557672820595742
Band7,0.13328571428571429,0.00874664075458664,0.11504513346304249,0.026549208921448214,6.562324253173256,23.077211631882697,1.1585515203781434
