,Sat_mean,Sat_SD,Field_mean,Field_SD,Sat_SD/mean (%),Field_SD/mean (%),Sat/Field
Band1,0.0991611111111111,0.004571304079543858,0.03264840160626769,0.005514161836221708,4.60997666153787,16.889530773117926,3.03724244472889
Band2,0.09381111111111111,0.004362961390932245,0.038746484402332804,0.006729637441062751,4.65079385507405,17.368382047733807,2.4211515588615065
Band3,0.11563333333333332,0.0038652296180175377,0.07343892248711782,0.00823883023090298,3.342660378798678,11.21861534984828,1.5745510611708249
Band4,0.11630277777777778,0.006096742577945078,0.05766813282819682,0.012198342908635678,5.242129805011412,21.15265799393335,2.0167598996878144
Band5,0.2806444444444444,0.010690349865505504,0.4042196881523361,0.02678132624573029,3.8092148542857527,6.625438352136216,0.694286925328287
Band6,0.230725,0.008058066179646054,0.2770365506571124,0.02425707037471709,3.4924980733106743,8.755909758903986,0.8328323445145976
Band7,0.15435833333333332,0.005806336337714744,0.14048460972497298,0.02150823570641252,3.7615956406941065,15.31002986627449,1.0987561814459317
