,Sat_mean,Sat_SD,Field_mean,Field_SD,Sat_SD/mean (%),Field_SD/mean (%),Sat/Field
Band1,0.044430555555555556,0.00697072527090755,0.028009856815057556,0.006940395739592215,15.689034682880388,24.778404921588862,1.5862471503842372
Band2,0.041986111111111106,0.007641849426305191,0.03303587762597304,0.0088953306878305,18.200898402050075,26.926273273384837,1.2709246470298499
Band3,0.07493055555555556,0.006936330259520217,0.06773765462513255,0.011888500613637198,9.257011653113171,17.550800480810025,1.1061876288783439
Band4,0.06460833333333334,0.013520506544587087,0.05062093085284049,0.01779875428524723,20.926877148851418,35.16085932317163,1.2763165798186418
Band5,0.40651666666666664,0.04309978409329783,0.43343131989894307,0.04260021897599827,10.602218218186502,9.828597293322217,0.9379033032533234
Band6,0.2442527777777778,0.012526870809741379,0.2551930816592508,0.027606775784769458,5.128650295694233,10.817995380310384,0.9571293084814847
Band7,0.129575,0.015382825470128836,0.12336205332684094,0.021979763141412076,11.87175417335816,17.817280556426788,1.0503635154053264
