,Sat_mean,Sat_SD,Field_mean,Field_SD,Sat_SD/mean (%),Field_SD/mean (%),Sat/Field
Band1,0.1781785714285714,0.013678133152247503,0.1941024498057381,0.013422041641735796,7.676643180255164,6.914926450010736,0.9179614765650632
Band2,0.21530535714285715,0.01751139852906893,0.24371404581584125,0.016377533166056578,8.133285098637815,6.719979191692549,0.883434339707894
Band3,0.427625,0.028484978810895102,0.47501101911788485,0.030652091964568667,6.661205217397277,6.45292229672711,0.9002422739458072
Band4,0.5573446428571428,0.03735864271606685,0.5959893269236998,0.04002001116056533,6.702969732435829,6.714887222416452,0.9351587648959621
Band5,0.6519517857142857,0.047882210352486826,0.6697644198197251,0.04467031195099248,7.34444040214209,6.66955583621716,0.9734046276894883
Band6,0.7344178571428571,0.04961548975853803,0.7637280142417393,0.05228075725290274,6.755757539932331,6.84546805642703,0.9616222574629758
Band7,0.5911232142857143,0.03481394420482888,0.6260590841524192,0.04756802057270682,5.889456438772486,7.598008203507834,0.9441971680452457
