,Sat_mean,Sat_SD,Field_mean,Field_SD,Sat_SD/mean (%),Field_SD/mean (%),Sat/Field
Band1,0.17073061224489794,0.0148648085180475,0.16695112596008518,0.009784265023875863,8.70658654742317,5.860556475800645,1.0226382796945996
Band2,0.2035142857142857,0.017511745329629368,0.2086389771120948,0.011580049032687162,8.604676211386044,5.550280773503594,0.9754375166675794
Band3,0.40094693877551024,0.020263610714784597,0.4114067196422101,0.017500200158327164,5.0539382534431,4.2537467967335685,0.9745755711627743
Band4,0.5217061224489795,0.02314969394749221,0.5219816829244647,0.021510579407800136,4.437305400753878,4.12094525755857,0.9994720878442682
Band5,0.6191040816326531,0.03037214727804161,0.6060107267046674,0.024144081346203623,4.9058224907751455,3.984101317396313,1.021605813809904
Band6,0.6985510204081633,0.02651396337895955,0.6978105641751625,0.028175746455601038,3.795565764611931,4.037735726873925,1.001061113532834
Band7,0.5428102040816327,0.014842234895494832,0.5803207826148122,0.02571201707684886,2.734332329033137,4.43065591430235,0.9353623381120969
