,Sat_mean,Sat_SD,Field_mean,Field_SD,Sat_SD/mean (%),Field_SD/mean (%),Sat/Field
Band1,0.17719285714285712,0.013786754216882764,0.1850204783125478,0.012898650164739792,7.78064897151444,6.971471635129281,0.9576932173071794
Band2,0.2140875,0.01768283128691298,0.23230476633688163,0.015642242930940603,8.259628089875859,6.733500641246714,0.9215803161332321
Band3,0.42518571428571433,0.02883124810595162,0.4521808466146254,0.02819422032192688,6.780860018871126,6.2351646543657395,0.9403001420095136
Band4,0.5539946428571428,0.03770126191352816,0.566924451096785,0.03670812953908696,6.8053477411062415,6.47495966492018,0.977193066528304
Band5,0.6480857142857143,0.048234910403489435,0.6364258589991839,0.04093612752419674,7.442674532125954,6.432191109985873,1.0183208383532154
Band6,0.7298642857142857,0.050151030571135215,0.72883549412824,0.04814706037431189,6.871281627659672,6.606025744108495,1.0014115552745908
Band7,0.5873714285714285,0.035287137044769254,0.5951807263985355,0.043476011286095226,6.007635940105671,7.30467391798294,0.9868791150641565
