,Sat_mean,Sat_SD,Field_mean,Field_SD,Sat_SD/mean (%),Field_SD/mean (%),Sat/Field
Band1,0.180321875,0.015045799546198103,0.18918027023977374,0.013861842238461318,8.343857086777797,7.327319186558054,0.9531748462535427
Band2,0.217828125,0.019032993300696948,0.23829355123096616,0.017154152579023044,8.737619763608095,7.198748136661227,0.9141167432973039
Band3,0.4304875,0.029307579544377252,0.47180975642164746,0.03047626444986489,6.807997803508174,6.459439219953059,0.9124175457179005
Band4,0.5602359375,0.03792353889401797,0.5933078066011165,0.03745381758707673,6.769208534398594,6.312712755565864,0.9442584966299781
Band5,0.6560125,0.04932615780445503,0.6705047698378928,0.041487431103404436,7.519088097323608,6.187492314698195,0.9783860302121392
Band6,0.737128125,0.050125674773357165,0.76752335440263,0.04582903547510309,6.800130543568279,5.9710281403452825,0.960398300288482
Band7,0.5917796875,0.034439376898433335,0.6281472963151251,0.04049353090134329,5.819628085567458,6.446502458720883,0.9421033744338837
