,Sat_mean,Sat_SD,Field_mean,Field_SD,Sat_SD/mean (%),Field_SD/mean (%),Sat/Field
Band1,0.839675,0.017914903013971358,0.2343001888002748,0.018930698111930263,2.133552030722763,8.079676849115735,3.5837572487650298
Band2,0.8100875,0.018711781883348256,0.2856759726255174,0.02132196594402703,2.309847008298271,7.463688929827237,2.835686503680571
Band3,0.8129734375,0.02047276576780953,0.47896560004444066,0.023929631657034604,2.518257648216155,4.996106537675002,1.6973524558435271
Band4,0.8299484375,0.022177649166640584,0.5800989648975765,0.028970767271909708,2.67217192834833,4.994107734190639,1.4307014625453391
Band5,0.7723625,0.021565267938284467,0.6465948630598782,0.03491060271409033,2.7921174239148674,5.399146313795786,1.1945076339532796
Band6,0.243303125,0.02524019592305842,0.6933696567123055,0.043240911905732496,10.373971120616893,6.236343267567319,0.35089958530007015
Band7,0.17655,0.022011318111371705,0.5437059024685651,0.03571927224301714,12.467469901654887,6.569594348864418,0.3247159892846803
