,Sat_mean,Sat_SD,Field_mean,Field_SD,Sat_SD/mean (%),Field_SD/mean (%),Sat/Field
Band1,0.17585892857142857,0.014089519620546156,0.19126113004862952,0.014983460248397475,8.011830695774664,7.834033106772831,0.9194702997243359
Band2,0.21095357142857143,0.017152560869670604,0.23885897535073156,0.017945567490971898,8.13096491019989,7.513038798153303,0.883172052123288
Band3,0.4160910714285715,0.023673570833207605,0.45992395935739133,0.029511018037397963,5.689516660842732,6.416499387992516,0.90469535879352
Band4,0.5418357142857143,0.030720214544053125,0.5766660746532644,0.03730230270865945,5.669654792790958,6.468614046888131,0.9396004691476038
Band5,0.6397535714285715,0.04020602284433495,0.6508792503215912,0.04052397761351984,6.284610925196524,6.226036180059121,0.9829066929272631
Band6,0.7162107142857144,0.04086824071928955,0.7390882292082207,0.0461932898112762,5.706175557572878,6.25003727373154,0.969046300538415
Band7,0.5676982142857143,0.028096482310776837,0.6027515297033331,0.04417877001437687,4.949193357271383,7.3295160339321095,0.9418445019378522
