,Sat_mean,Sat_SD,Field_mean,Field_SD,Sat_SD/mean (%),Field_SD/mean (%),Sat/Field
Band1,0.17518928571428571,0.014230119949442108,0.18425527760473565,0.01419336884274983,8.122711324167309,7.703100300441564,0.9507965687153977
Band2,0.2101375,0.01732227676494717,0.2301018145989567,0.016863261246612343,8.243305818783972,7.328608544875335,0.9132370397262951
Band3,0.41439821428571433,0.02395010804532316,0.44381690697033654,0.026441113903581136,5.779491131882708,5.9576626055276405,0.9337143488168456
Band4,0.5395267857142857,0.03102000789278377,0.5555161459770015,0.03325498213599136,5.749484309980277,5.986321437607346,0.9712171097482777
Band5,0.6371285714285715,0.04063323197601105,0.6285685437716375,0.03636168577993546,6.377556084936373,5.784840196067123,1.0136182883183602
Band6,0.7130660714285715,0.04145247397746051,0.7159308377743785,0.04158699783712494,5.813272519671812,5.808801024189274,0.9959985431627547
Band7,0.5651660714285714,0.028669709480725187,0.5806788986151619,0.03970977731745639,5.07279380877495,6.838508754521417,0.9732850165150028
