,Sat_mean,Sat_SD,Field_mean,Field_SD,Sat_SD/mean (%),Field_SD/mean (%),Sat/Field
Band1,0.17290816326530611,0.01346611524871638,0.16943220530887595,0.013900482765351893,7.788015900703483,8.204156193334807,1.0205153320768827
Band2,0.20608571428571426,0.015976513374069974,0.212280662986396,0.01616320139474853,7.752363345243992,7.61407146904584,0.9708171784771619
Band3,0.40183469387755105,0.019478858775400662,0.413301926380767,0.02022375219120034,4.847480586466323,4.893215080872522,0.9722545873336883
Band4,0.5232040816326531,0.022797645413539958,0.5241457567795891,0.02512278419881981,4.35731413684697,4.793091210577959,0.9982034097676918
Band5,0.6225387755102041,0.028967362467034224,0.6092062967346155,0.028445304946212027,4.653101719373851,4.669240140602727,1.0218849983118223
Band6,0.7013306122448979,0.026257354297933314,0.695316455709354,0.030068285308567578,3.743933865069118,4.324402947991826,1.0086495242362823
Band7,0.5423510204081633,0.015582658106133391,0.5550769744368441,0.027610966782753533,2.873168394595473,4.974259076548143,0.9770735328346272
