,Sat_mean,Sat_SD,Field_mean,Field_SD,Sat_SD/mean (%),Field_SD/mean (%),Sat/Field
Band1,0.1795,0.015333867744310305,0.18383532608793132,0.013312565790776054,8.542544704351146,7.241571070191616,0.9764173394733846
Band2,0.2168296875,0.019417965905375974,0.22954360672518756,0.016035661680705707,8.955400032745043,6.985889047175162,0.9446121832510508
Band3,0.4284296875,0.02991645491869556,0.44352800749475013,0.027460007619646263,6.982815568469578,6.191268004641465,0.9659585871926502
Band4,0.5573703125,0.038612743523380254,0.5523011736574893,0.03480544829930951,6.927664186165325,6.301896494048405,1.0091782148658883
Band5,0.652753125,0.05011957255139328,0.6196766585338173,0.03760374785932388,7.678181939212206,6.068285345505192,1.0533769765419971
Band6,0.7332375,0.05100474702172338,0.7083331241912887,0.043955550595015096,6.956101811721766,6.205491327996217,1.0351591291698308
Band7,0.5885390625,0.035023124580355385,0.5794628264105962,0.04164074341887105,5.950858118335244,7.186094003097486,1.0156631895537205
