,Sat_mean,Sat_SD,Field_mean,Field_SD,Sat_SD/mean (%),Field_SD/mean (%),Sat/Field
Band1,0.173634693877551,0.013386035230493133,0.1813017378098939,0.014644956061541536,7.709309085391139,8.07766998731015,0.9577111393141623
Band2,0.19371224489795918,0.014158398858124433,0.21375444791140175,0.016242329354954153,7.308984966635734,7.598592456745683,0.9062372586429183
Band3,0.3041020408163266,0.013812601312524089,0.3303392407271369,0.020848527249001304,4.542094250813236,6.311247553608798,0.9205749826964019
Band4,0.44045102040816325,0.017676689625086037,0.47476553976018854,0.02657851659407897,4.013315625584238,5.59824047202419,0.9277232307775369
Band5,0.4985857142857143,0.02126510027711881,0.5337527315901399,0.031412944880665296,4.265084150592581,5.885299132255643,0.9341136537144136
Band6,0.6380204081632653,0.023185841735340555,0.6805816956945425,0.029391259183194768,3.634028228358402,4.318549759584792,0.9374633672922354
Band7,0.5423,0.01714671385188332,0.5922709392586448,0.022287858980324215,3.1618502400669954,3.7631187861795636,0.9156282438554316
