,Sat_mean,Sat_SD,Field_mean,Field_SD,Sat_SD/mean (%),Field_SD/mean (%),Sat/Field
Band1,0.16258809523809523,0.010078553429387817,0.18131730688900538,0.01492491740553715,6.198826189967173,8.231380479676735,0.8967047769886889
Band2,0.1713285714285714,0.009476393871949736,0.21347090706410848,0.016255135013039285,5.5311229136703215,7.614684003828975,0.8025851100033922
Band3,0.24638333333333334,0.009468039387395358,0.328662056739639,0.019657731586485653,3.8428083828973922,5.981138127562502,0.7496555452049471
Band4,0.33780238095238097,0.009217413336548385,0.46653773193042,0.024573691668967248,2.72864072495917,5.267246352677043,0.7240622951430673
Band5,0.41054285714285715,0.01243733134094102,0.5246892978065059,0.029371888674656815,3.0294842851481363,5.597958410329256,0.7824494588686208
Band6,0.4801261904761905,0.009707436018792856,0.6799757579051398,0.02878665508763741,2.0218509657148664,4.233482554778563,0.7060930994883654
Band7,0.38493571428571427,0.007446310093838789,0.5928542573213221,0.023100728200303584,1.9344295209542048,3.8965273361920345,0.6492923168418478
