,Sat_mean,Sat_SD,Field_mean,Field_SD,Sat_SD/mean (%),Field_SD/mean (%),Sat/Field
Band1,0.1759190476190476,0.008992066294007605,0.18765371680856796,0.01282378327129831,5.111479635496838,6.833748613879199,0.9374663641675092
Band2,0.19836190476190477,0.00891550154508727,0.2220604232743013,0.014377434036643917,4.494563386951043,6.474559412545168,0.8932789636128775
Band3,0.31692857142857145,0.009090635833864736,0.34167473554190786,0.01767716522407949,2.8683547819271196,5.173682273008246,0.9275739130255325
Band4,0.45342857142857146,0.014284295167608872,0.4801812499792671,0.020824187286920273,3.1502856387291143,4.33673478250544,0.9442862907457324
Band5,0.5137166666666667,0.017516983822057446,0.5329766350017829,0.024058928253654775,3.4098531269618357,4.5140680986089174,0.9638633908688102
Band6,0.6561309523809524,0.016940083320411803,0.6856883019250186,0.0224886185477032,2.5818143861282614,3.279714483179615,0.9568938984942778
Band7,0.5741214285714286,0.017562467227073785,0.6022937928753449,0.01811947262808262,3.0590161511257326,3.0084109852071412,0.9532248802209604
