,Sat_mean,Sat_SD,Field_mean,Field_SD,Sat_SD/mean (%),Field_SD/mean (%),Sat/Field
Band1,0.39031632653061227,0.08635977036517659,0.06081896814067145,0.005260406944815504,22.125584941014104,8.649286736743754,6.417674262868596
Band2,0.3852897959183673,0.08875285392341017,0.07540173247928524,0.006135368271419761,23.035350238607034,8.136906235019602,5.109826833544125
Band3,0.3567408163265306,0.08438035828698366,0.12098885865972771,0.006706016860595309,23.653126983302343,5.54267304847919,2.948542702843722
Band4,0.36676326530612247,0.08259126230870878,0.17873861451166614,0.013804206101899258,22.518957082512937,7.723124709013712,2.0519531624890384
Band5,0.41016530612244895,0.07558421590711943,0.2662609284679908,0.01643005186820513,18.427744808956334,6.1706582196419815,1.5404637416479148
Band6,0.32407551020408165,0.0404647719330881,0.3972675684568442,0.022464214544066653,12.486217149702556,5.654681209273437,0.8157613053160329
Band7,0.2132795918367347,0.02903557269051285,0.3454592344046499,0.03978729712258422,13.613854209145126,11.517219156451846,0.6173799122906409
