,Sat_mean,Sat_SD,Field_mean,Field_SD,Sat_SD/mean (%),Field_SD/mean (%),Sat/Field
Band1,0.3491214285714286,0.005186775111224871,0.0670125342364381,0.008390823103231328,1.4856650685833457,12.521274115117428,5.209792952160786
Band2,0.33171428571428574,0.00512522108366679,0.08258543838735416,0.010843607608980408,1.5450709554551045,13.130168974971292,4.016619542036351
Band3,0.3473428571428572,0.004972215318152265,0.1274728873520382,0.01608136937815315,1.4315006673959798,12.615521396123784,2.7248371348458624
Band4,0.36566666666666664,0.004951366654372482,0.1663775950267816,0.02032402381159525,1.3540656301839058,12.21560139051398,2.197811950628363
Band5,0.4117476190476191,0.004763414046530577,0.23440424630615425,0.03019154136029795,1.156877132052021,12.880117078111683,1.7565706489371251
Band6,0.21666666666666665,0.0020646303331827744,0.3097453689129017,0.03555349116229772,0.9529063076228189,11.478296281580604,0.6994992933295213
Band7,0.22326666666666664,0.00233581500680849,0.26231495300845614,0.03486537465101395,1.0461996148739132,13.291417149936553,0.8511396857329337
