,Sat_mean,Sat_SD,Field_mean,Field_SD,Sat_SD/mean (%),Field_SD/mean (%),Sat/Field
Band1,0.05337142857142857,0.004876557835864414,0.05509694044859794,0.008013908189613062,9.137019499745959,14.545105634476283,0.9686822559815428
Band2,0.05641428571428571,0.005128631117838086,0.06380465528364808,0.009661417405281158,9.091014896142468,15.142182592054839,0.8841719379799489
Band3,0.08453061224489797,0.00624167050120113,0.09543161706187404,0.01172341935019494,7.383917299827507,12.284628209321804,0.8857715592316926
Band4,0.11171020408163265,0.007651283603074533,0.1081988433501997,0.01994419322960764,6.8492253379855335,18.43290797948334,1.0324528490574336
Band5,0.23473469387755103,0.0063350193215370885,0.3311161801093802,0.022649033219736072,2.6987997457426305,6.840207329117605,0.7089194306361268
Band6,0.36132244897959187,0.009641201239961632,0.3888444821114612,0.04334532290046249,2.668309502271248,11.147213061914472,0.929220975485052
Band7,0.27317755102040814,0.00868118456381791,0.28800500984328925,0.051443936752993906,3.177854304422463,17.86216732166772,0.9485166635436338
