,Sat_mean,Sat_SD,Field_mean,Field_SD,Sat_SD/mean (%),Field_SD/mean (%),Sat/Field
Band1,0.052496875,0.0015217145705995589,0.046066729147283755,0.005102871391530033,2.89867648426608,11.077129820125108,1.1395832951837734
Band2,0.054484375,0.0018868971512446034,0.05404140985280123,0.0067025005051627295,3.463189494684675,12.402527105453201,1.0081967725935597
Band3,0.083453125,0.0021089073555694664,0.07998294162281905,0.007984150487681675,2.527056183419694,9.98231663613108,1.0433865435150602
Band4,0.0951046875,0.005284187191739497,0.08399021164129668,0.01551635813625377,5.556179543452573,18.474007664751042,1.132330609025856
Band5,0.270865625,0.019486968552326834,0.31650475825509894,0.04296534356129156,7.194330602979552,13.574943959187502,0.8558026946997291
Band6,0.3178859375,0.012235959647534546,0.31405347695115204,0.032833181368734164,3.8491666991511844,10.454646669567376,1.0122032100585343
Band7,0.2164703125,0.01696399385175389,0.20645813629334464,0.04257779982741489,7.836637576690285,20.62297015358044,1.048494946173638
