,Sat_mean,Sat_SD,Field_mean,Field_SD,Sat_SD/mean (%),Field_SD/mean (%),Sat/Field
Band1,0.11894107142857142,0.0035237853421789334,0.05316245780314198,0.009918715099715448,2.9626312423922454,18.657367453634237,2.2373132534429554
Band2,0.11325535714285713,0.0034060303477203248,0.0607607636272938,0.012065448169226067,3.007390055221894,19.857301733789033,1.8639554604277997
Band3,0.13471607142857142,0.0044874339145836014,0.09164354177318998,0.014579185543428342,3.3310308614239164,15.908579329583958,1.4700007095097034
Band4,0.14824642857142858,0.005632240238310225,0.09990976645790353,0.025350499295962267,3.7992417710059576,25.37339460866778,1.4838031738758137
Band5,0.3283464285714286,0.009183058241864167,0.3297272888649704,0.024435358646937928,2.796758984654673,7.410778383267111,0.9958121140100501
Band6,0.37550535714285715,0.011770338319613556,0.3578407195043824,0.04987372552107105,3.1345327292190004,13.93740924457879,1.0493645263818514
Band7,0.27943214285714285,0.012646104808862479,0.25686153597109856,0.06026065583149399,4.525644286859184,23.46036575841171,1.0878707152501956
