,Sat_mean,Sat_SD,Field_mean,Field_SD,Sat_SD/mean (%),Field_SD/mean (%),Sat/Field
Band1,0.165175,0.013634767141392624,0.18204252140299879,0.014013296740329799,8.254740209712502,7.697815121615294,0.9073429588153302
Band2,0.21179285714285714,0.01693142531700465,0.22733905100244936,0.016655604927198784,7.994332549933058,7.326328166567096,0.9316167029331678
Band3,0.4017625,0.023147404687135015,0.43376066656816276,0.02568634282648888,5.761464717870636,5.921777792743325,0.9262308248893877
Band4,0.5222964285714286,0.030427442760757664,0.5437596455255134,0.03236951326792689,5.825703775915529,5.952908336300602,0.9605281172836174
Band5,0.6246267857142856,0.04009677797472113,0.6264861608944898,0.03670325639169676,6.419317725683004,5.858590130593192,0.997032057056856
Band6,0.6927535714285714,0.04021824818717118,0.7096437414880075,0.04151099350315248,5.80556345660327,5.849553948874499,0.97619908543966
Band7,0.5410339285714285,0.027136534919246218,0.5714226076870487,0.03901262518967976,5.015680807837469,6.827280661434003,0.9468192565243005
